Region,Estimated Unemployment Rate (%)
Andhra Pradesh,3.65
Andhra Pradesh,3.05
Andhra Pradesh,3.75
Andhra Pradesh,3.32
Andhra Pradesh,5.17
Andhra Pradesh,3.52
Andhra Pradesh,4.12
Andhra Pradesh,4.38
Andhra Pradesh,4.84
Andhra Pradesh,5.91
Andhra Pradesh,4.06
Andhra Pradesh,16.29
Andhra Pradesh,14.46
Andhra Pradesh,0.85
Assam,4.29
Assam,5.08
Assam,4.26
Assam,5.79
Assam,4.46
Assam,4.65
Assam,4.66
Assam,4.29
Assam,3.26
Assam,3.77
Assam,9.38
Assam,0.0
Bihar,9.27
Bihar,10.2
Bihar,13.44
Bihar,11.0
Bihar,8.87
Bihar,12.47
Bihar,12.4
Bihar,10.16
Bihar,9.13
Bihar,9.61
Bihar,15.39
Bihar,45.09
Bihar,47.26
Bihar,20.49
Chhattisgarh,9.82
Chhattisgarh,6.76
Chhattisgarh,4.54
Chhattisgarh,4.64
Chhattisgarh,8.33
Chhattisgarh,6.96
Chhattisgarh,2.77
Chhattisgarh,6.11
Chhattisgarh,9.89
Chhattisgarh,7.89
Chhattisgarh,7.31
Chhattisgarh,0.0
Chhattisgarh,7.64
Chhattisgarh,10.14
Delhi,12.56
Delhi,9.33
Delhi,11.07
Delhi,17.18
Delhi,12.5
Delhi,15.84
Delhi,11.11
Delhi,16.97
Delhi,13.48
Delhi,13.81
Delhi,15.18
Delhi,20.69
Delhi,22.76
Delhi,21.14
Goa,2.91
Goa,5.45
Goa,10.98
Goa,1.98
Goa,3.61
Goa,7.21
Goa,23.71
Goa,3.54
Goa,5.38
Goa,0.0
Goa,15.91
Goa,20.0
Gujarat,2.88
Gujarat,4.77
Gujarat,4.58
Gujarat,3.7
Gujarat,6.29
Gujarat,4.91
Gujarat,4.68
Gujarat,3.46
Gujarat,5.35
Gujarat,6.64
Gujarat,7.59
Gujarat,12.0
Gujarat,14.58
Gujarat,1.41
Haryana,14.54
Haryana,23.08
Haryana,16.22
Haryana,30.94
Haryana,16.36
Haryana,24.17
Haryana,16.59
Haryana,29.56
Haryana,16.21
Haryana,27.19
Haryana,23.92
Haryana,41.61
Haryana,34.22
Haryana,35.57
Himachal Pradesh,13.68
Himachal Pradesh,11.43
Himachal Pradesh,20.59
Himachal Pradesh,18.56
Himachal Pradesh,15.98
Himachal Pradesh,15.81
Himachal Pradesh,22.86
Himachal Pradesh,19.46
Himachal Pradesh,16.67
Himachal Pradesh,15.42
Himachal Pradesh,17.71
Himachal Pradesh,2.13
Himachal Pradesh,25.64
Himachal Pradesh,1.12
Jammu & Kashmir,12.78
Jammu & Kashmir,12.09
Jammu & Kashmir,13.67
Jammu & Kashmir,11.32
Jammu & Kashmir,19.27
Jammu & Kashmir,14.73
Jammu & Kashmir,22.19
Jammu & Kashmir,21.23
Jammu & Kashmir,16.0
Jammu & Kashmir,2.22
Jammu & Kashmir,18.97
Jharkhand,7.11
Jharkhand,8.46
Jharkhand,9.98
Jharkhand,12.06
Jharkhand,7.12
Jharkhand,6.57
Jharkhand,8.07
Jharkhand,15.15
Jharkhand,6.16
Jharkhand,9.06
Jharkhand,5.01
Jharkhand,41.72
Jharkhand,55.1
Jharkhand,21.53
Karnataka,5.46
Karnataka,5.98
Karnataka,0.52
Karnataka,0.37
Karnataka,3.2
Karnataka,7.13
Karnataka,1.19
Karnataka,0.41
Karnataka,2.57
Karnataka,4.11
Karnataka,2.39
Karnataka,33.17
Karnataka,23.72
Karnataka,10.92
Kerala,6.63
Kerala,9.0
Kerala,4.95
Kerala,10.32
Kerala,5.35
Kerala,9.14
Kerala,5.0
Kerala,10.77
Kerala,4.11
Kerala,8.91
Kerala,8.85
Kerala,10.71
Kerala,23.38
Kerala,27.66
Madhya Pradesh,3.63
Madhya Pradesh,4.25
Madhya Pradesh,3.92
Madhya Pradesh,4.94
Madhya Pradesh,3.08
Madhya Pradesh,2.98
Madhya Pradesh,2.72
Madhya Pradesh,2.94
Madhya Pradesh,3.66
Madhya Pradesh,4.42
Madhya Pradesh,1.19
Madhya Pradesh,12.5
Madhya Pradesh,22.46
Madhya Pradesh,6.46
Maharashtra,3.67
Maharashtra,4.34
Maharashtra,3.66
Maharashtra,3.76
Maharashtra,4.4
Maharashtra,3.81
Maharashtra,3.68
Maharashtra,3.03
Maharashtra,3.8
Maharashtra,4.24
Maharashtra,5.38
Maharashtra,25.28
Maharashtra,16.89
Maharashtra,9.4
Meghalaya,3.16
Meghalaya,4.23
Meghalaya,1.03
Meghalaya,0.52
Meghalaya,0.24
Meghalaya,3.7
Meghalaya,1.5
Meghalaya,1.8
Meghalaya,0.97
Meghalaya,2.76
Meghalaya,1.28
Meghalaya,8.38
Meghalaya,3.73
Meghalaya,1.35
Odisha,4.17
Odisha,4.71
Odisha,3.31
Odisha,3.68
Odisha,4.31
Odisha,4.28
Odisha,4.72
Odisha,4.67
Odisha,1.81
Odisha,3.31
Odisha,15.09
Odisha,24.48
Odisha,9.45
Odisha,4.59
Puducherry,0.0
Puducherry,0.0
Puducherry,0.0
Puducherry,4.85
Puducherry,0.0
Puducherry,1.18
Puducherry,0.0
Puducherry,1.99
Puducherry,0.58
Puducherry,1.74
Puducherry,2.31
Puducherry,74.51
Punjab,9.17
Punjab,12.21
Punjab,9.64
Punjab,6.69
Punjab,8.59
Punjab,12.56
Punjab,7.07
Punjab,6.13
Punjab,9.69
Punjab,10.41
Punjab,10.51
Punjab,3.69
Punjab,40.59
Punjab,20.0
Rajasthan,4.03
Rajasthan,13.7
Rajasthan,9.7
Rajasthan,12.5
Rajasthan,5.45
Rajasthan,14.66
Rajasthan,10.47
Rajasthan,13.96
Rajasthan,8.0
Rajasthan,14.48
Rajasthan,9.47
Rajasthan,12.25
Rajasthan,10.45
Rajasthan,13.86
Sikkim,5.48
Sikkim,13.11
Sikkim,1.0
Sikkim,0.0
Sikkim,5.81
Tamil Nadu,0.97
Tamil Nadu,0.92
Tamil Nadu,6.01
Tamil Nadu,2.91
Tamil Nadu,1.71
Tamil Nadu,1.46
Tamil Nadu,2.46
Tamil Nadu,3.73
Tamil Nadu,1.18
Tamil Nadu,1.17
Tamil Nadu,6.36
Tamil Nadu,53.19
Tamil Nadu,38.73
Tamil Nadu,2.06
Telangana,2.23
Telangana,5.92
Telangana,2.45
Telangana,1.4
Telangana,5.49
Telangana,7.29
Telangana,6.47
Telangana,1.35
Telangana,5.02
Telangana,9.02
Telangana,5.63
Telangana,4.51
Telangana,34.01
Telangana,19.3
Tripura,29.25
Tripura,26.64
Tripura,22.47
Tripura,25.49
Tripura,30.23
Tripura,27.54
Tripura,25.25
Tripura,26.53
Tripura,31.91
Tripura,26.22
Tripura,31.61
Tripura,43.64
Tripura,14.71
Tripura,18.84
Uttar Pradesh,10.26
Uttar Pradesh,11.13
Uttar Pradesh,9.19
Uttar Pradesh,11.47
Uttar Pradesh,6.45
Uttar Pradesh,10.18
Uttar Pradesh,6.94
Uttar Pradesh,8.43
Uttar Pradesh,6.06
Uttar Pradesh,8.12
Uttar Pradesh,9.37
Uttar Pradesh,19.92
Uttar Pradesh,16.89
Uttar Pradesh,8.51
Uttarakhand,1.63
Uttarakhand,4.65
Uttarakhand,5.74
Uttarakhand,6.11
Uttarakhand,3.47
Uttarakhand,4.83
Uttarakhand,5.56
Uttarakhand,4.52
Uttarakhand,4.17
Uttarakhand,4.85
Uttarakhand,3.66
Uttarakhand,3.57
Uttarakhand,10.71
West Bengal,6.02
West Bengal,5.85
West Bengal,5.62
West Bengal,5.58
West Bengal,5.26
West Bengal,6.78
West Bengal,5.83
West Bengal,5.79
West Bengal,6.79
West Bengal,3.78
West Bengal,7.02
West Bengal,18.32
West Bengal,18.43
West Bengal,4.94
Andhra Pradesh,6.09
Andhra Pradesh,3.8
Andhra Pradesh,5.64
Andhra Pradesh,4.61
Andhra Pradesh,6.01
Andhra Pradesh,4.7
Andhra Pradesh,7.54
Andhra Pradesh,7.88
Andhra Pradesh,7.11
Andhra Pradesh,5.66
Andhra Pradesh,9.88
Andhra Pradesh,32.3
Andhra Pradesh,24.91
Andhra Pradesh,5.86
Assam,7.87
Assam,9.89
Assam,3.21
Assam,10.39
Assam,9.26
Assam,11.17
Assam,6.31
Assam,5.02
Assam,7.24
Assam,9.98
Assam,10.34
Assam,8.37
Assam,10.77
Assam,3.42
Bihar,19.9
Bihar,13.29
Bihar,16.41
Bihar,17.66
Bihar,20.46
Bihar,14.06
Bihar,17.62
Bihar,14.91
Bihar,20.69
Bihar,15.11
Bihar,15.73
Bihar,58.77
Bihar,37.87
Bihar,12.45
Chandigarh,18.35
Chandigarh,12.4
Chandigarh,21.8
Chandigarh,9.52
Chandigarh,20.14
Chandigarh,13.99
Chandigarh,22.05
Chandigarh,8.33
Chandigarh,20.0
Chandigarh,16.67
Chandigarh,21.43
Chandigarh,7.22
Chhattisgarh,9.77
Chhattisgarh,11.77
Chhattisgarh,8.17
Chhattisgarh,6.29
Chhattisgarh,9.46
Chhattisgarh,10.27
Chhattisgarh,8.32
Chhattisgarh,3.57
Chhattisgarh,9.01
Chhattisgarh,9.79
Chhattisgarh,8.21
Chhattisgarh,20.13
Chhattisgarh,24.1
Chhattisgarh,27.07
Delhi,12.31
Delhi,12.76
Delhi,14.68
Delhi,13.52
Delhi,20.59
Delhi,12.41
Delhi,16.11
Delhi,11.07
Delhi,22.45
Delhi,14.86
Delhi,17.09
Delhi,16.51
Delhi,45.78
Delhi,18.11
Goa,2.75
Goa,13.33
Goa,12.28
Goa,4.9
Goa,3.16
Goa,12.31
Goa,25.2
Goa,16.22
Goa,10.92
Goa,4.31
Goa,4.76
Goa,11.76
Gujarat,4.09
Gujarat,6.31
Gujarat,5.15
Gujarat,4.2
Gujarat,5.96
Gujarat,5.45
Gujarat,7.53
Gujarat,5.71
Gujarat,5.82
Gujarat,6.04
Gujarat,5.39
Gujarat,25.94
Gujarat,11.62
Gujarat,4.54
Haryana,24.67
Haryana,20.42
Haryana,25.45
Haryana,24.19
Haryana,26.84
Haryana,21.04
Haryana,27.06
Haryana,23.65
Haryana,27.24
Haryana,23.29
Haryana,27.14
Haryana,46.89
Haryana,38.46
Haryana,29.41
Himachal Pradesh,10.88
Himachal Pradesh,21.43
Himachal Pradesh,21.51
Himachal Pradesh,24.48
Himachal Pradesh,12.0
Himachal Pradesh,23.77
Himachal Pradesh,27.27
Himachal Pradesh,25.32
Himachal Pradesh,18.15
Himachal Pradesh,27.31
Himachal Pradesh,26.44
Himachal Pradesh,2.7
Himachal Pradesh,50.0
Himachal Pradesh,10.81
Jammu & Kashmir,23.04
Jammu & Kashmir,19.88
Jammu & Kashmir,21.55
Jammu & Kashmir,24.06
Jammu & Kashmir,14.29
Jammu & Kashmir,7.02
Jammu & Kashmir,18.54
Jammu & Kashmir,19.86
Jammu & Kashmir,14.29
Jammu & Kashmir,12.96
Jharkhand,17.23
Jharkhand,20.51
Jharkhand,15.67
Jharkhand,20.25
Jharkhand,21.16
Jharkhand,19.05
Jharkhand,17.34
Jharkhand,22.01
Jharkhand,22.96
Jharkhand,19.67
Jharkhand,16.4
Jharkhand,61.48
Jharkhand,70.17
Jharkhand,19.38
Karnataka,6.56
Karnataka,5.0
Karnataka,2.29
Karnataka,1.27
Karnataka,3.57
Karnataka,3.87
Karnataka,3.44
Karnataka,1.56
Karnataka,3.31
Karnataka,2.88
Karnataka,4.92
Karnataka,25.12
Karnataka,15.88
Karnataka,6.12
Kerala,6.11
Kerala,6.67
Kerala,7.58
Kerala,7.69
Kerala,5.52
Kerala,5.35
Kerala,6.71
Kerala,7.31
Kerala,6.65
Kerala,6.08
Kerala,9.14
Kerala,21.43
Kerala,30.28
Kerala,12.17
Madhya Pradesh,3.91
Madhya Pradesh,6.38
Madhya Pradesh,7.38
Madhya Pradesh,6.82
Madhya Pradesh,7.0
Madhya Pradesh,4.4
Madhya Pradesh,6.06
Madhya Pradesh,6.2
Madhya Pradesh,5.17
Madhya Pradesh,4.96
Madhya Pradesh,4.8
Madhya Pradesh,11.94
Madhya Pradesh,40.49
Madhya Pradesh,12.72
Maharashtra,6.08
Maharashtra,6.46
Maharashtra,6.35
Maharashtra,7.57
Maharashtra,7.6
Maharashtra,7.51
Maharashtra,7.6
Maharashtra,7.83
Maharashtra,6.67
Maharashtra,5.34
Maharashtra,6.34
Maharashtra,14.99
Maharashtra,15.92
Maharashtra,10.01
Meghalaya,8.4
Meghalaya,8.66
Meghalaya,4.43
Meghalaya,5.8
Meghalaya,5.3
Meghalaya,7.2
Meghalaya,3.02
Meghalaya,5.21
Meghalaya,4.76
Meghalaya,7.37
Meghalaya,2.8
Meghalaya,17.39
Meghalaya,14.58
Odisha,2.95
Odisha,2.63
Odisha,1.78
Odisha,3.5
Odisha,3.78
Odisha,4.5
Odisha,2.23
Odisha,3.36
Odisha,2.28
Odisha,2.19
Odisha,3.96
Odisha,20.5
Odisha,10.0
Odisha,2.18
Puducherry,1.25
Puducherry,0.0
Puducherry,0.0
Puducherry,8.95
Puducherry,1.22
Puducherry,1.17
Puducherry,1.37
Puducherry,5.21
Puducherry,0.57
Puducherry,1.78
Puducherry,0.62
Puducherry,76.74
Puducherry,75.0
Puducherry,4.55
Punjab,13.49
Punjab,13.17
Punjab,11.61
Punjab,11.99
Punjab,15.69
Punjab,13.75
Punjab,10.39
Punjab,11.97
Punjab,13.68
Punjab,11.99
Punjab,9.97
Punjab,1.13
Punjab,20.54
Punjab,10.55
Rajasthan,13.62
Rajasthan,14.36
Rajasthan,11.67
Rajasthan,14.71
Rajasthan,12.63
Rajasthan,13.02
Rajasthan,14.3
Rajasthan,18.04
Rajasthan,18.82
Rajasthan,17.02
Rajasthan,18.54
Rajasthan,35.53
Rajasthan,25.35
Rajasthan,13.04
Sikkim,8.2
Sikkim,7.76
Sikkim,2.56
Sikkim,4.82
Sikkim,4.81
Sikkim,9.68
Sikkim,4.04
Sikkim,7.37
Sikkim,20.45
Sikkim,5.77
Sikkim,19.75
Sikkim,2.63
Tamil Nadu,0.89
Tamil Nadu,1.56
Tamil Nadu,3.18
Tamil Nadu,9.53
Tamil Nadu,1.86
Tamil Nadu,1.13
Tamil Nadu,2.65
Tamil Nadu,8.05
Tamil Nadu,2.05
Tamil Nadu,3.31
Tamil Nadu,6.46
Tamil Nadu,45.55
Tamil Nadu,25.95
Tamil Nadu,24.93
Telangana,1.52
Telangana,1.43
Telangana,3.73
Telangana,4.19
Telangana,6.19
Telangana,6.74
Telangana,5.23
Telangana,4.22
Telangana,6.49
Telangana,6.74
Telangana,6.1
Telangana,10.5
Telangana,36.57
Telangana,6.92
Tripura,34.69
Tripura,25.59
Tripura,25.81
Tripura,33.45
Tripura,33.57
Tripura,26.67
Tripura,27.15
Tripura,33.48
Tripura,34.37
Tripura,33.88
Tripura,25.69
Tripura,34.88
Tripura,16.78
Tripura,27.47
Uttar Pradesh,14.4
Uttar Pradesh,11.62
Uttar Pradesh,11.8
Uttar Pradesh,14.73
Uttar Pradesh,13.58
Uttar Pradesh,10.35
Uttar Pradesh,11.31
Uttar Pradesh,12.37
Uttar Pradesh,12.34
Uttar Pradesh,11.65
Uttar Pradesh,12.32
Uttar Pradesh,26.94
Uttar Pradesh,32.06
Uttar Pradesh,13.05
Uttarakhand,9.17
Uttarakhand,4.69
Uttarakhand,6.94
Uttarakhand,7.43
Uttarakhand,9.62
Uttarakhand,4.72
Uttarakhand,6.34
Uttarakhand,7.39
Uttarakhand,8.92
Uttarakhand,5.28
Uttarakhand,8.15
Uttarakhand,13.18
Uttarakhand,17.36
Uttarakhand,5.08
West Bengal,7.25
West Bengal,7.38
West Bengal,7.91
West Bengal,7.27
West Bengal,7.79
West Bengal,7.83
West Bengal,6.61
West Bengal,7.24
West Bengal,7.27
West Bengal,7.55
West Bengal,6.67
West Bengal,15.63
West Bengal,15.22
West Bengal,9.86
